,samples,,Cdiff num reads,Cbuty numreads,,,,,,,,,,,,,,,,,,,,,,,,,,,,,,,,,,,,,,,,,,,,,,,,,,,,,,,,,,,,,,,,,,,,,,,,,,,,,,,,,,,,,,,
0,DE-14644-S2,Mouse 1  Day 1 ,1315,0,,,,,,,,,,,,,,,,,,,,,,,,,,,,,,,,,,,,,,,,,,,,,,,,,,,,,,,,,,,,,,,,,,,,,,,,,,,,,,,,,,,,,,,
1,DE-14645-S2,Mouse 1  Day 2,23,25,,,,,,,,,,,,,,,,,,,,,,,,,,,,,,,,,,,,,,,,,,,,,,,,,,,,,,,,,,,,,,,,,,,,,,,,,,,,,,,,,,,,,,,
2,DE-14646-S2,Mouse 1  Day 3,21,6,,,,,,,,,,,,,,,,,,,,,,,,,,,,,,,,,,,,,,,,,,,,,,,,,,,,,,,,,,,,,,,,,,,,,,,,,,,,,,,,,,,,,,,
3,DE-14647-S2_bleu_CB_2603_S4,Mouse 1  Day 4,2876,100,,,,,,,,,,,,,,,,,,,,,,,,,,,,,,,,,,,,,,,,,,,,,,,,,,,,,,,,,,,,,,,,,,,,,,,,,,,,,,,,,,,,,,,
4,DE-14648-S2_bleu_CB_2803_S5,Mouse 1  Day 5,2296,363,,,,,,,,,,,,,,,,,,,,,,,,,,,,,,,,,,,,,,,,,,,,,,,,,,,,,,,,,,,,,,,,,,,,,,,,,,,,,,,,,,,,,,,
5,DE-14649-S2_bleu_CB_3103_S6,Mouse 1  Day 6,3439,13,,,,,,,,,,,,,,,,,,,,,,,,,,,,,,,,,,,,,,,,,,,,,,,,,,,,,,,,,,,,,,,,,,,,,,,,,,,,,,,,,,,,,,,
6,DE-14650-S2_bleu_M9_CA_1703_S7,Mouse 2 Day 1 ,4522,6,,,,,,,,,,,,,,,,,,,,,,,,,,,,,,,,,,,,,,,,,,,,,,,,,,,,,,,,,,,,,,,,,,,,,,,,,,,,,,,,,,,,,,,
7,DE-14651-S2_bleu_M9_CA_2203_S8,Mouse 2 Day 2,8683,42,,,,,,,,,,,,,,,,,,,,,,,,,,,,,,,,,,,,,,,,,,,,,,,,,,,,,,,,,,,,,,,,,,,,,,,,,,,,,,,,,,,,,,,
8,DE-14652-S2_bleu_M9_CA_2403_S9,Mouse 2 Day 3,525871,11971,,,,,,,,,,,,,,,,,,,,,,,,,,,,,,,,,,,,,,,,,,,,,,,,,,,,,,,,,,,,,,,,,,,,,,,,,,,,,,,,,,,,,,,
9,DE-14653-S2_bleu_M9_CA_2603_S10,Mouse 2 Day 4,17389,13437,,,,,,,,,,,,,,,,,,,,,,,,,,,,,,,,,,,,,,,,,,,,,,,,,,,,,,,,,,,,,,,,,,,,,,,,,,,,,,,,,,,,,,,
10,DE-14654-S2_bleu_M9_CA_2803_S11,Mouse 2 Day 5,2630,76,,,,,,,,,,,,,,,,,,,,,,,,,,,,,,,,,,,,,,,,,,,,,,,,,,,,,,,,,,,,,,,,,,,,,,,,,,,,,,,,,,,,,,,
11,DE-14655-S2_bleu_M9_CA_3103_S12,Mouse 2 Day 6,940,0,,,,,,,,,,,,,,,,,,,,,,,,,,,,,,,,,,,,,,,,,,,,,,,,,,,,,,,,,,,,,,,,,,,,,,,,,,,,,,,,,,,,,,,
12,DE-14656-S5_SM_CB_1703_S13,Mouse 3 Day 1 ,2232,8,,,,,,,,,,,,,,,,,,,,,,,,,,,,,,,,,,,,,,,,,,,,,,,,,,,,,,,,,,,,,,,,,,,,,,,,,,,,,,,,,,,,,,,
13,DE-14657-S5_SM_CB_2203_S14,Mouse 3 Day 2,10,512,,,,,,,,,,,,,,,,,,,,,,,,,,,,,,,,,,,,,,,,,,,,,,,,,,,,,,,,,,,,,,,,,,,,,,,,,,,,,,,,,,,,,,,
14,DE-14658-S5_SM_CB_2403_S15,Mouse 3 Day 3,4,44,,,,,,,,,,,,,,,,,,,,,,,,,,,,,,,,,,,,,,,,,,,,,,,,,,,,,,,,,,,,,,,,,,,,,,,,,,,,,,,,,,,,,,,
15,DE-14659-S5_SM_CB_2603_S16,Mouse 3 Day 4,756745,2496,,,,,,,,,,,,,,,,,,,,,,,,,,,,,,,,,,,,,,,,,,,,,,,,,,,,,,,,,,,,,,,,,,,,,,,,,,,,,,,,,,,,,,,
16,DE-14660-S5_SM_CB_2803_S17,Mouse 3 Day 5,5797,667,,,,,,,,,,,,,,,,,,,,,,,,,,,,,,,,,,,,,,,,,,,,,,,,,,,,,,,,,,,,,,,,,,,,,,,,,,,,,,,,,,,,,,,
17,DE-14661-S5_SM_CB_3103_S18,Mouse 3 Day 6,2468,0,,,,,,,,,,,,,,,,,,,,,,,,,,,,,,,,,,,,,,,,,,,,,,,,,,,,,,,,,,,,,,,,,,,,,,,,,,,,,,,,,,,,,,,
18,DE-14662-S5_SM_M12_CA_1703_S19,Mouse 4 Day 1 ,888,2,,,,,,,,,,,,,,,,,,,,,,,,,,,,,,,,,,,,,,,,,,,,,,,,,,,,,,,,,,,,,,,,,,,,,,,,,,,,,,,,,,,,,,,
19,DE-14663-S5_SM_M12_CA_2203_S20,Mouse 4 Day 2,20437,55,,,,,,,,,,,,,,,,,,,,,,,,,,,,,,,,,,,,,,,,,,,,,,,,,,,,,,,,,,,,,,,,,,,,,,,,,,,,,,,,,,,,,,,
20,DE-14664-S5_SM_M12_CA_2403_S21,Mouse 4 Day 3,28006,0,,,,,,,,,,,,,,,,,,,,,,,,,,,,,,,,,,,,,,,,,,,,,,,,,,,,,,,,,,,,,,,,,,,,,,,,,,,,,,,,,,,,,,,
21,DE-14665-S5_SM_M12_CA_2603_S22,Mouse 4 Day 4,19965,51393,,,,,,,,,,,,,,,,,,,,,,,,,,,,,,,,,,,,,,,,,,,,,,,,,,,,,,,,,,,,,,,,,,,,,,,,,,,,,,,,,,,,,,,
22,DE-14666-S5_SM_M12_CA_2803_S23,Mouse 4 Day 5,5133,16,,,,,,,,,,,,,,,,,,,,,,,,,,,,,,,,,,,,,,,,,,,,,,,,,,,,,,,,,,,,,,,,,,,,,,,,,,,,,,,,,,,,,,,
23,DE-14667-S5_SM_M12_CA_3103_S24,Mouse 4 Day 6,996,0,,,,,,,,,,,,,,,,,,,,,,,,,,,,,,,,,,,,,,,,,,,,,,,,,,,,,,,,,,,,,,,,,,,,,,,,,,,,,,,,,,,,,,,
24,DE-14668-S3_noir_M10_CA_1703_S25,Mouse 5 Day 1 ,856,0,,,,,,,,,,,,,,,,,,,,,,,,,,,,,,,,,,,,,,,,,,,,,,,,,,,,,,,,,,,,,,,,,,,,,,,,,,,,,,,,,,,,,,,
25,DE-14669-S3_noir_M10_CA_2203_S26,Mouse 5 Day 2,102040,1255,,,,,,,,,,,,,,,,,,,,,,,,,,,,,,,,,,,,,,,,,,,,,,,,,,,,,,,,,,,,,,,,,,,,,,,,,,,,,,,,,,,,,,,
26,DE-14670-S3_noir_M10_CA_2403_S27,Mouse 5 Day 3,187332,36,,,,,,,,,,,,,,,,,,,,,,,,,,,,,,,,,,,,,,,,,,,,,,,,,,,,,,,,,,,,,,,,,,,,,,,,,,,,,,,,,,,,,,,
27,DE-14671-S3_noir_M10_CA_2603_S28,Mouse 5 Day 4,137180,5524,,,,,,,,,,,,,,,,,,,,,,,,,,,,,,,,,,,,,,,,,,,,,,,,,,,,,,,,,,,,,,,,,,,,,,,,,,,,,,,,,,,,,,,
28,DE-14672-S3_noir_M10_CA_2803_S29,Mouse 5 Day 5,9610,17588,,,,,,,,,,,,,,,,,,,,,,,,,,,,,,,,,,,,,,,,,,,,,,,,,,,,,,,,,,,,,,,,,,,,,,,,,,,,,,,,,,,,,,,
29,DE-14673-S3_noir_M10_CA_3103_S30,Mouse 5 Day 6,730,6,,,,,,,,,,,,,,,,,,,,,,,,,,,,,,,,,,,,,,,,,,,,,,,,,,,,,,,,,,,,,,,,,,,,,,,,,,,,,,,,,,,,,,,
30,DE-14674-S2_bleu_CF_1703_S31,Mouse 6 Day 1 ,3285,2,,,,,,,,,,,,,,,,,,,,,,,,,,,,,,,,,,,,,,,,,,,,,,,,,,,,,,,,,,,,,,,,,,,,,,,,,,,,,,,,,,,,,,,
31,DE-14675-S2_bleu_CF_2203_S32,Mouse 6 Day 2,0,0,,,,,,,,,,,,,,,,,,,,,,,,,,,,,,,,,,,,,,,,,,,,,,,,,,,,,,,,,,,,,,,,,,,,,,,,,,,,,,,,,,,,,,,
32,DE-14676-S2_bleu_CF_2403_S33,Mouse 6 Day 3,197193,36,,,,,,,,,,,,,,,,,,,,,,,,,,,,,,,,,,,,,,,,,,,,,,,,,,,,,,,,,,,,,,,,,,,,,,,,,,,,,,,,,,,,,,,
33,DE-14677-S2_bleu_CF_2603_S34,Mouse 6 Day 4,68466,2991,,,,,,,,,,,,,,,,,,,,,,,,,,,,,,,,,,,,,,,,,,,,,,,,,,,,,,,,,,,,,,,,,,,,,,,,,,,,,,,,,,,,,,,
34,DE-14678-S2_bleu_CF_2803_S35,Mouse 6 Day 5,5027,21486,,,,,,,,,,,,,,,,,,,,,,,,,,,,,,,,,,,,,,,,,,,,,,,,,,,,,,,,,,,,,,,,,,,,,,,,,,,,,,,,,,,,,,,
35,DE-14679-S2_bleu_CF_3103_S36,Mouse 6 Day 6,9259,31,,,,,,,,,,,,,,,,,,,,,,,,,,,,,,,,,,,,,,,,,,,,,,,,,,,,,,,,,,,,,,,,,,,,,,,,,,,,,,,,,,,,,,,
36,DE-14680-S2_bleu_M9_CE_1703_S37,Mouse 7 Day 1 ,7229,2,,,,,,,,,,,,,,,,,,,,,,,,,,,,,,,,,,,,,,,,,,,,,,,,,,,,,,,,,,,,,,,,,,,,,,,,,,,,,,,,,,,,,,,
37,DE-14681-S2_bleu_M9_CE_2203_S38,Mouse 7 Day 2,10,109,,,,,,,,,,,,,,,,,,,,,,,,,,,,,,,,,,,,,,,,,,,,,,,,,,,,,,,,,,,,,,,,,,,,,,,,,,,,,,,,,,,,,,,
38,DE-14682-S2_bleu_M9_CE_2403_S39,Mouse 7 Day 3,7434555,118,,,,,,,,,,,,,,,,,,,,,,,,,,,,,,,,,,,,,,,,,,,,,,,,,,,,,,,,,,,,,,,,,,,,,,,,,,,,,,,,,,,,,,,
39,DE-14683-S2_bleu_M9_CE_2603_S40,Mouse 7 Day 4,231069,13636,,,,,,,,,,,,,,,,,,,,,,,,,,,,,,,,,,,,,,,,,,,,,,,,,,,,,,,,,,,,,,,,,,,,,,,,,,,,,,,,,,,,,,,
40,DE-14684-S2_bleu_M9_CE_2803_S41,Mouse 7 Day 5,1929,33006,,,,,,,,,,,,,,,,,,,,,,,,,,,,,,,,,,,,,,,,,,,,,,,,,,,,,,,,,,,,,,,,,,,,,,,,,,,,,,,,,,,,,,,
41,DE-14685-S2_bleu_M9_CE_3103_S42,Mouse 7 Day 6,5546,281,,,,,,,,,,,,,,,,,,,,,,,,,,,,,,,,,,,,,,,,,,,,,,,,,,,,,,,,,,,,,,,,,,,,,,,,,,,,,,,,,,,,,,,
42,DE-14686-S5_SM_CF_1703_S43,Mouse 8 Day 1 ,1622,5,,,,,,,,,,,,,,,,,,,,,,,,,,,,,,,,,,,,,,,,,,,,,,,,,,,,,,,,,,,,,,,,,,,,,,,,,,,,,,,,,,,,,,,
43,DE-14687-S5_SM_CF_2203_S44,Mouse 8 Day 2,66,94,,,,,,,,,,,,,,,,,,,,,,,,,,,,,,,,,,,,,,,,,,,,,,,,,,,,,,,,,,,,,,,,,,,,,,,,,,,,,,,,,,,,,,,
44,DE-14688-S5_SM_CF_2403_S45,Mouse 8 Day 3,329364,20,,,,,,,,,,,,,,,,,,,,,,,,,,,,,,,,,,,,,,,,,,,,,,,,,,,,,,,,,,,,,,,,,,,,,,,,,,,,,,,,,,,,,,,
45,DE-14689-S5_SM_CF_2603_S46,Mouse 8 Day 4,298180,289411,,,,,,,,,,,,,,,,,,,,,,,,,,,,,,,,,,,,,,,,,,,,,,,,,,,,,,,,,,,,,,,,,,,,,,,,,,,,,,,,,,,,,,,
46,DE-14690-S5_SM_CF_2803_S47,Mouse 8 Day 5,17239,118439,,,,,,,,,,,,,,,,,,,,,,,,,,,,,,,,,,,,,,,,,,,,,,,,,,,,,,,,,,,,,,,,,,,,,,,,,,,,,,,,,,,,,,,
47,DE-14691-S5_SM_CF_3103_S48,Mouse 8 Day 6,1563,4565,,,,,,,,,,,,,,,,,,,,,,,,,,,,,,,,,,,,,,,,,,,,,,,,,,,,,,,,,,,,,,,,,,,,,,,,,,,,,,,,,,,,,,,
48,DE-14692-S5_SM_M12_CE_1703_S49,Mouse 9 Day 1 ,461,0,,,,,,,,,,,,,,,,,,,,,,,,,,,,,,,,,,,,,,,,,,,,,,,,,,,,,,,,,,,,,,,,,,,,,,,,,,,,,,,,,,,,,,,
49,DE-14693-S5_SM_M12_CE_2203_S50,Mouse 9 Day 2,4,274,,,,,,,,,,,,,,,,,,,,,,,,,,,,,,,,,,,,,,,,,,,,,,,,,,,,,,,,,,,,,,,,,,,,,,,,,,,,,,,,,,,,,,,
50,DE-14694-S5_SM_M12_CE_2403_S51,Mouse 9 Day 3,160992,323,,,,,,,,,,,,,,,,,,,,,,,,,,,,,,,,,,,,,,,,,,,,,,,,,,,,,,,,,,,,,,,,,,,,,,,,,,,,,,,,,,,,,,,
51,DE-14695-S5_SM_M12_CE_2603_S52,Mouse 9 Day 4,32905,1826,,,,,,,,,,,,,,,,,,,,,,,,,,,,,,,,,,,,,,,,,,,,,,,,,,,,,,,,,,,,,,,,,,,,,,,,,,,,,,,,,,,,,,,
52,DE-14696-S5_SM_M12_CE_2803_S53,Mouse 9 Day 5,3801,1528,,,,,,,,,,,,,,,,,,,,,,,,,,,,,,,,,,,,,,,,,,,,,,,,,,,,,,,,,,,,,,,,,,,,,,,,,,,,,,,,,,,,,,,
53,DE-14697-S5_SM_M12_CE_3103_S54,Mouse 9 Day 6,138,21,,,,,,,,,,,,,,,,,,,,,,,,,,,,,,,,,,,,,,,,,,,,,,,,,,,,,,,,,,,,,,,,,,,,,,,,,,,,,,,,,,,,,,,
54,DE-14698-S3_noir_M10_CE_1703_S55,Mouse 10 Day 1 ,2427,8,,,,,,,,,,,,,,,,,,,,,,,,,,,,,,,,,,,,,,,,,,,,,,,,,,,,,,,,,,,,,,,,,,,,,,,,,,,,,,,,,,,,,,,
55,DE-14699-S3_noir_M10_CE_2203_S56,Mouse 10 Day 2,99,32,,,,,,,,,,,,,,,,,,,,,,,,,,,,,,,,,,,,,,,,,,,,,,,,,,,,,,,,,,,,,,,,,,,,,,,,,,,,,,,,,,,,,,,
56,DE-14700-S3_noir_M10_CE_2403_S57,Mouse 10 Day 3,3155499,139,,,,,,,,,,,,,,,,,,,,,,,,,,,,,,,,,,,,,,,,,,,,,,,,,,,,,,,,,,,,,,,,,,,,,,,,,,,,,,,,,,,,,,,
57,DE-14701-S3_noir_M10_CE_2603_S58,Mouse 10 Day 4,112866,13095,,,,,,,,,,,,,,,,,,,,,,,,,,,,,,,,,,,,,,,,,,,,,,,,,,,,,,,,,,,,,,,,,,,,,,,,,,,,,,,,,,,,,,,
58,DE-14702-S3_noir_M10_CE_2803_S59,Mouse 10 Day 5,6291,2408,,,,,,,,,,,,,,,,,,,,,,,,,,,,,,,,,,,,,,,,,,,,,,,,,,,,,,,,,,,,,,,,,,,,,,,,,,,,,,,,,,,,,,,
59,DE-14703-S3_noir_M10_CE_3103_S60,Mouse 10 Day 6,6161,85,,,,,,,,,,,,,,,,,,,,,,,,,,,,,,,,,,,,,,,,,,,,,,,,,,,,,,,,,,,,,,,,,,,,,,,,,,,,,,,,,,,,,,,
60,DE-14704-S4_rose_CD_1703_S61,Mouse 11 Day 1 ,1264,0,,,,,,,,,,,,,,,,,,,,,,,,,,,,,,,,,,,,,,,,,,,,,,,,,,,,,,,,,,,,,,,,,,,,,,,,,,,,,,,,,,,,,,,
61,DE-14705-S4_rose_CD_2203_S62,Mouse 11 Day 2,28,0,,,,,,,,,,,,,,,,,,,,,,,,,,,,,,,,,,,,,,,,,,,,,,,,,,,,,,,,,,,,,,,,,,,,,,,,,,,,,,,,,,,,,,,
62,DE-14706-S4_rose_CD_2403_S63,Mouse 11 Day 3,16,0,,,,,,,,,,,,,,,,,,,,,,,,,,,,,,,,,,,,,,,,,,,,,,,,,,,,,,,,,,,,,,,,,,,,,,,,,,,,,,,,,,,,,,,
63,DE-14707-S4_rose_CD_2603_S64,Mouse 11 Day 4,69968,0,,,,,,,,,,,,,,,,,,,,,,,,,,,,,,,,,,,,,,,,,,,,,,,,,,,,,,,,,,,,,,,,,,,,,,,,,,,,,,,,,,,,,,,
64,DE-14708-S4_rose_CD_2803_S65,Mouse 11 Day 5,317,2,,,,,,,,,,,,,,,,,,,,,,,,,,,,,,,,,,,,,,,,,,,,,,,,,,,,,,,,,,,,,,,,,,,,,,,,,,,,,,,,,,,,,,,
65,DE-14709-S4_rose_CD_3103_S66,Mouse 11 Day 6,2480,0,,,,,,,,,,,,,,,,,,,,,,,,,,,,,,,,,,,,,,,,,,,,,,,,,,,,,,,,,,,,,,,,,,,,,,,,,,,,,,,,,,,,,,,
66,DE-14710-S3_noir_CD_1703_S67,Mouse 12 Day 1 ,1834,2,,,,,,,,,,,,,,,,,,,,,,,,,,,,,,,,,,,,,,,,,,,,,,,,,,,,,,,,,,,,,,,,,,,,,,,,,,,,,,,,,,,,,,,
67,DE-14711-S3_noir_CD_2203_S68,Mouse 12 Day 2,0,0,,,,,,,,,,,,,,,,,,,,,,,,,,,,,,,,,,,,,,,,,,,,,,,,,,,,,,,,,,,,,,,,,,,,,,,,,,,,,,,,,,,,,,,
68,DE-14712-S3_noir_CD_2403_S69,Mouse 12 Day 3,242,0,,,,,,,,,,,,,,,,,,,,,,,,,,,,,,,,,,,,,,,,,,,,,,,,,,,,,,,,,,,,,,,,,,,,,,,,,,,,,,,,,,,,,,,
69,DE-14713-S3_noir_CD_2603_S70,Mouse 12 Day 4,2031,0,,,,,,,,,,,,,,,,,,,,,,,,,,,,,,,,,,,,,,,,,,,,,,,,,,,,,,,,,,,,,,,,,,,,,,,,,,,,,,,,,,,,,,,
70,DE-14714-S3_noir_CD_2803_S71,Mouse 12 Day 5,3632,11,,,,,,,,,,,,,,,,,,,,,,,,,,,,,,,,,,,,,,,,,,,,,,,,,,,,,,,,,,,,,,,,,,,,,,,,,,,,,,,,,,,,,,,
71,DE-14715-S3_noir_CD_3103_S72,Mouse 12 Day 6,1702,0,,,,,,,,,,,,,,,,,,,,,,,,,,,,,,,,,,,,,,,,,,,,,,,,,,,,,,,,,,,,,,,,,,,,,,,,,,,,,,,,,,,,,,,
72,DE-14716-S5_SM_M12_CC_1703_S73,Mouse 13 Day 1 ,2543,2,,,,,,,,,,,,,,,,,,,,,,,,,,,,,,,,,,,,,,,,,,,,,,,,,,,,,,,,,,,,,,,,,,,,,,,,,,,,,,,,,,,,,,,
73,DE-14717-S5_SM_M12_CC_2203_S74,Mouse 13 Day 2,8,0,,,,,,,,,,,,,,,,,,,,,,,,,,,,,,,,,,,,,,,,,,,,,,,,,,,,,,,,,,,,,,,,,,,,,,,,,,,,,,,,,,,,,,,
74,DE-14718-S5_SM_M12_CC_2403_S75,Mouse 13 Day 3,2,0,,,,,,,,,,,,,,,,,,,,,,,,,,,,,,,,,,,,,,,,,,,,,,,,,,,,,,,,,,,,,,,,,,,,,,,,,,,,,,,,,,,,,,,
75,DE-14719-S5_SM_M12_CC_2603_S76,Mouse 13 Day 4,3709,0,,,,,,,,,,,,,,,,,,,,,,,,,,,,,,,,,,,,,,,,,,,,,,,,,,,,,,,,,,,,,,,,,,,,,,,,,,,,,,,,,,,,,,,
76,DE-14720-S5_SM_M12_CC_3103_S78,Mouse 13 Day 5,3022,4846,,,,,,,,,,,,,,,,,,,,,,,,,,,,,,,,,,,,,,,,,,,,,,,,,,,,,,,,,,,,,,,,,,,,,,,,,,,,,,,,,,,,,,,
77,DE-14721-S5_SM_M12_CC_2803_S77,Mouse 13 Day 6,10012,0,,,,,,,,,,,,,,,,,,,,,,,,,,,,,,,,,,,,,,,,,,,,,,,,,,,,,,,,,,,,,,,,,,,,,,,,,,,,,,,,,,,,,,,
78,DE-14722-S2_bleu_M9_CC_1703_S79,Mouse 14 Day 1 ,160,7,,,,,,,,,,,,,,,,,,,,,,,,,,,,,,,,,,,,,,,,,,,,,,,,,,,,,,,,,,,,,,,,,,,,,,,,,,,,,,,,,,,,,,,
79,DE-14723-S2_bleu_M9_CC_2203_S80,Mouse 14 Day 2,73,0,,,,,,,,,,,,,,,,,,,,,,,,,,,,,,,,,,,,,,,,,,,,,,,,,,,,,,,,,,,,,,,,,,,,,,,,,,,,,,,,,,,,,,,
80,DE-14724-S2_bleu_M9_CC_2403_S81,Mouse 14 Day 3,0,0,,,,,,,,,,,,,,,,,,,,,,,,,,,,,,,,,,,,,,,,,,,,,,,,,,,,,,,,,,,,,,,,,,,,,,,,,,,,,,,,,,,,,,,
81,DE-14725-S2_bleu_M9_CC_2603_S82,Mouse 14 Day 4,21628,4,,,,,,,,,,,,,,,,,,,,,,,,,,,,,,,,,,,,,,,,,,,,,,,,,,,,,,,,,,,,,,,,,,,,,,,,,,,,,,,,,,,,,,,
82,DE-14726-S2_bleu_M9_CC_2803_S83,Mouse 14 Day 5,5398,0,,,,,,,,,,,,,,,,,,,,,,,,,,,,,,,,,,,,,,,,,,,,,,,,,,,,,,,,,,,,,,,,,,,,,,,,,,,,,,,,,,,,,,,
83,DE-14727-S2_bleu_M9_CC_3103_S84,Mouse 14 Day 6,736,4,,,,,,,,,,,,,,,,,,,,,,,,,,,,,,,,,,,,,,,,,,,,,,,,,,,,,,,,,,,,,,,,,,,,,,,,,,,,,,,,,,,,,,,
84,DE-14728-S3_noir_M10_CC_1703_S85,Mouse 15 Day 1 ,2104,9,,,,,,,,,,,,,,,,,,,,,,,,,,,,,,,,,,,,,,,,,,,,,,,,,,,,,,,,,,,,,,,,,,,,,,,,,,,,,,,,,,,,,,,
85,DE-14729-S3_noir_M10_CC_2203_S86,Mouse 15 Day 2,140,0,,,,,,,,,,,,,,,,,,,,,,,,,,,,,,,,,,,,,,,,,,,,,,,,,,,,,,,,,,,,,,,,,,,,,,,,,,,,,,,,,,,,,,,
86,DE-14730-S3_noir_M10_CC_2403_S87,Mouse 15 Day 3,4,0,,,,,,,,,,,,,,,,,,,,,,,,,,,,,,,,,,,,,,,,,,,,,,,,,,,,,,,,,,,,,,,,,,,,,,,,,,,,,,,,,,,,,,,
87,DE-14732-S3_noir_M10_CC_2803_S88,Mouse 15 Day 4,892,0,,,,,,,,,,,,,,,,,,,,,,,,,,,,,,,,,,,,,,,,,,,,,,,,,,,,,,,,,,,,,,,,,,,,,,,,,,,,,,,,,,,,,,,
88,DE-14733-S3_noir_M10_CC_3103_S89,Mouse 15 Day 5,497,0,,,,,,,,,,,,,,,,,,,,,,,,,,,,,,,,,,,,,,,,,,,,,,,,,,,,,,,,,,,,,,,,,,,,,,,,,,,,,,,,,,,,,,,
,,,,,,,,,,,,,,,,,,,,,,,,,,,,,,,,,,,,,,,,,,,,,,,,,,,,,,,,,,,,,,,,,,,,,,,,,,,,,,,,,,,,,,,,,,,
,,,,,,,,,,,,,,,,,,,,,,,,,,,,,,,,,,,,,,,,,,,,,,,,,,,,,,,,,,,,,,,,,,,,,,,,,,,,,,,,,,,,,,,,,,,
,,,,,,,,,,,,,,,,,,,,,,,,,,,,,,,,,,,,,,,,,,,,,,,,,,,,,,,,,,,,,,,,,,,,,,,,,,,,,,,,,,,,,,,,,,,
,,,,,,,,,,,,,,,,,,,,,,,,,,,,,,,,,,,,,,,,,,,,,,,,,,,,,,,,,,,,,,,,,,,,,,,,,,,,,,,,,,,,,,,,,,,
,,,,,,,,,,,,,,,,,,,,,,,,,,,,,,,,,,,,,,,,,,,,,,,,,,,,,,,,,,,,,,,,,,,,,,,,,,,,,,,,,,,,,,,,,,,
,,,Mouse 1  Day 1 ,Mouse 1  Day 2,Mouse 1  Day 3,Mouse 1  Day 4,Mouse 1  Day 5,Mouse 1  Day 6,Mouse 2 Day 1 ,Mouse 2 Day 2,Mouse 2 Day 3,Mouse 2 Day 4,Mouse 2 Day 5,Mouse 2 Day 6,Mouse 3 Day 1 ,Mouse 3 Day 2,Mouse 3 Day 3,Mouse 3 Day 4,Mouse 3 Day 5,Mouse 3 Day 6,Mouse 4 Day 1 ,Mouse 4 Day 2,Mouse 4 Day 3,Mouse 4 Day 4,Mouse 4 Day 5,Mouse 4 Day 6,Mouse 5 Day 1 ,Mouse 5 Day 2,Mouse 5 Day 3,Mouse 5 Day 4,Mouse 5 Day 5,Mouse 5 Day 6,Mouse 6 Day 1 ,Mouse 6 Day 2,Mouse 6 Day 3,Mouse 6 Day 4,Mouse 6 Day 5,Mouse 6 Day 6,Mouse 7 Day 1 ,Mouse 7 Day 2,Mouse 7 Day 3,Mouse 7 Day 4,Mouse 7 Day 5,Mouse 7 Day 6,Mouse 8 Day 1 ,Mouse 8 Day 2,Mouse 8 Day 3,Mouse 8 Day 4,Mouse 8 Day 5,Mouse 8 Day 6,Mouse 9 Day 1 ,Mouse 9 Day 2,Mouse 9 Day 3,Mouse 9 Day 4,Mouse 9 Day 5,Mouse 9 Day 6,Mouse 10 Day 1 ,Mouse 10 Day 2,Mouse 10 Day 3,Mouse 10 Day 4,Mouse 10 Day 5,Mouse 10 Day 6,Mouse 11 Day 1 ,Mouse 11 Day 2,Mouse 11 Day 3,Mouse 11 Day 4,Mouse 11 Day 5,Mouse 11 Day 6,Mouse 12 Day 1 ,Mouse 12 Day 2,Mouse 12 Day 3,Mouse 12 Day 4,Mouse 12 Day 5,Mouse 12 Day 6,Mouse 13 Day 1 ,Mouse 13 Day 2,Mouse 13 Day 3,Mouse 13 Day 4,Mouse 13 Day 5,Mouse 13 Day 6,Mouse 14 Day 1 ,Mouse 14 Day 2,Mouse 14 Day 3,Mouse 14 Day 4,Mouse 14 Day 5,Mouse 14 Day 6,Mouse 15 Day 1 ,Mouse 15 Day 2,Mouse 15 Day 3,Mouse 15 Day 4,Mouse 15 Day 5
