scientific_name,DE-14644-S2_cleaned_nohuman_nofp_noMouse,DE-14645-S2_cleaned_nohuman_nofp_noMouse,DE-14646-S2_cleaned_nohuman_nofp_noMouse,DE-14647-S2_bleu_CB_2603_S4,DE-14648-S2_bleu_CB_2803_S5,DE-14649-S2_bleu_CB_3103_S6,DE-14650-S2_bleu_M9_CA_1703_S7,DE-14651-S2_bleu_M9_CA_2203_S8,DE-14652-S2_bleu_M9_CA_2403_S9,DE-14653-S2_bleu_M9_CA_2603_S10,DE-14654-S2_bleu_M9_CA_2803_S11,DE-14655-S2_bleu_M9_CA_3103_S12,DE-14656-S5_SM_CB_1703_S13,DE-14657-S5_SM_CB_2203_S14,DE-14658-S5_SM_CB_2403_S15,DE-14659-S5_SM_CB_2603_S16,DE-14660-S5_SM_CB_2803_S17,DE-14661-S5_SM_CB_3103_S18,DE-14662-S5_SM_M12_CA_1703_S19,DE-14663-S5_SM_M12_CA_2203_S20,DE-14664-S5_SM_M12_CA_2403_S21,DE-14665-S5_SM_M12_CA_2603_S22,DE-14666-S5_SM_M12_CA_2803_S23,DE-14667-S5_SM_M12_CA_3103_S24,DE-14668-S3_noir_M10_CA_1703_S25,DE-14669-S3_noir_M10_CA_2203_S26,DE-14670-S3_noir_M10_CA_2403_S27,DE-14671-S3_noir_M10_CA_2603_S28,DE-14672-S3_noir_M10_CA_2803_S29,DE-14673-S3_noir_M10_CA_3103_S30,DE-14674-S2_bleu_CF_1703_S31,DE-14675-S2_bleu_CF_2203_S32,DE-14676-S2_bleu_CF_2403_S33,DE-14677-S2_bleu_CF_2603_S34,DE-14678-S2_bleu_CF_2803_S35,DE-14679-S2_bleu_CF_3103_S36,DE-14680-S2_bleu_M9_CE_1703_S37,DE-14681-S2_bleu_M9_CE_2203_S38,DE-14682-S2_bleu_M9_CE_2403_S39,DE-14683-S2_bleu_M9_CE_2603_S40,DE-14684-S2_bleu_M9_CE_2803_S41,DE-14685-S2_bleu_M9_CE_3103_S42,DE-14686-S5_SM_CF_1703_S43,DE-14687-S5_SM_CF_2203_S44,DE-14688-S5_SM_CF_2403_S45,DE-14689-S5_SM_CF_2603_S46,DE-14690-S5_SM_CF_2803_S47,DE-14691-S5_SM_CF_3103_S48,DE-14692-S5_SM_M12_CE_1703_S49,DE-14693-S5_SM_M12_CE_2203_S50,DE-14694-S5_SM_M12_CE_2403_S51,DE-14695-S5_SM_M12_CE_2603_S52,DE-14696-S5_SM_M12_CE_2803_S53,DE-14697-S5_SM_M12_CE_3103_S54,DE-14698-S3_noir_M10_CE_1703_S55,DE-14699-S3_noir_M10_CE_2203_S56,DE-14700-S3_noir_M10_CE_2403_S57,DE-14701-S3_noir_M10_CE_2603_S58,DE-14702-S3_noir_M10_CE_2803_S59,DE-14703-S3_noir_M10_CE_3103_S60,DE-14704-S4_rose_CD_1703_S61,DE-14705-S4_rose_CD_2203_S62,DE-14706-S4_rose_CD_2403_S63,DE-14707-S4_rose_CD_2603_S64,DE-14708-S4_rose_CD_2803_S65,DE-14709-S4_rose_CD_3103_S66,DE-14710-S3_noir_CD_1703_S67,DE-14711-S3_noir_CD_2203_S68,DE-14712-S3_noir_CD_2403_S69,DE-14713-S3_noir_CD_2603_S70,DE-14714-S3_noir_CD_2803_S71,DE-14715-S3_noir_CD_3103_S72,DE-14716-S5_SM_M12_CC_1703_S73,DE-14717-S5_SM_M12_CC_2203_S74,DE-14718-S5_SM_M12_CC_2403_S75,DE-14719-S5_SM_M12_CC_2603_S76,DE-14720-S5_SM_M12_CC_3103_S78,DE-14721-S5_SM_M12_CC_2803_S77,DE-14722-S2_bleu_M9_CC_1703_S79,DE-14723-S2_bleu_M9_CC_2203_S80,DE-14724-S2_bleu_M9_CC_2403_S81,DE-14725-S2_bleu_M9_CC_2603_S82,DE-14726-S2_bleu_M9_CC_2803_S83,DE-14727-S2_bleu_M9_CC_3103_S84,DE-14728-S3_noir_M10_CC_1703_S85,DE-14729-S3_noir_M10_CC_2203_S86,DE-14730-S3_noir_M10_CC_2403_S87,DE-14732-S3_noir_M10_CC_2803_S88,DE-14733-S3_noir_M10_CC_3103_S89
Clostridioides difficile,164,1,14,2638,1158,2179,327,7455,466077,15760,2109,100,31,1,1,652024,5010,2004,63,18215,24547,17858,876,174,41,93277,165122,122806,8254,95,132,1,174057,60908,4435,7542,767,3,6598592,205762,1692,5004,88,68,289996,265195,12132,968,35,15,147194,31437,3322,107,246,1,2793399,101995,5490,5229,136,21,15,54634,262,1235,281,0,198,1575,2522,357,282,5,1,2851,2610,8110,9,10,0,18471,4701,273,143,8,2,710,211
Clostridioides difficile 2007855,0,0,0,0,0,0,0,0,0,0,0,0,0,0,0,0,0,0,0,0,0,0,0,0,0,0,0,0,0,0,0,0,0,0,0,0,0,0,1,0,0,0,0,0,0,0,0,0,0,0,0,0,0,0,0,0,0,0,0,0,0,0,0,0,0,0,0,0,0,0,0,0,0,0,0,0,0,0,0,0,0,0,0,0,0,0,0,0,0
Clostridioides difficile ATCC 9689 = DSM 1296,0,0,0,0,1,0,0,0,4,0,0,0,0,0,0,8,0,0,0,0,0,0,0,0,0,1,0,2,1,0,0,0,3,0,0,0,0,0,77,1,0,0,0,0,7,5,0,0,0,0,4,0,0,0,0,0,26,0,0,0,0,0,0,2,0,0,0,0,0,0,0,0,0,0,0,0,0,0,0,0,0,0,0,0,0,0,0,0,0
Clostridioides difficile BI9,62,0,0,0,0,0,23,0,9,1,0,46,3,0,0,33,0,0,2,0,2,1,3,42,5,5,10,7,0,18,38,0,6,2,0,0,47,0,193,10,0,0,1,0,6,6,1,0,7,0,4,1,0,0,107,0,86,5,1,0,5,0,0,0,0,0,30,0,0,1,0,0,25,1,0,0,0,0,0,0,0,0,0,0,8,0,0,0,0
Clostridioides difficile BJ08,0,0,0,0,0,0,0,0,0,0,0,0,0,0,0,0,0,0,0,0,0,0,0,0,0,0,0,0,0,0,0,0,0,0,0,0,0,0,1,0,0,0,0,0,0,0,0,0,0,0,0,0,0,0,0,0,1,0,0,0,0,0,0,0,0,0,0,0,0,0,0,0,0,0,0,0,0,0,0,0,0,0,0,0,0,0,0,0,0
Clostridioides difficile CD196,0,0,0,0,0,0,0,0,1,0,0,0,0,0,0,0,0,0,0,0,0,0,0,0,0,0,0,0,0,0,0,0,0,0,0,0,0,0,7,0,0,0,0,0,0,0,0,0,0,0,0,0,0,0,0,0,0,0,0,0,0,0,0,0,0,0,0,0,0,0,0,0,0,0,0,0,0,0,0,0,0,0,0,0,0,0,0,0,0
Clostridioides difficile CF5,0,0,0,0,0,0,0,0,8,0,0,0,0,0,0,2,0,0,0,1,0,0,0,0,0,2,1,3,0,0,0,0,1,1,0,0,0,0,52,0,0,0,0,0,2,3,0,0,0,0,2,0,0,0,0,0,27,0,0,0,0,0,0,0,0,0,0,0,0,0,0,0,0,0,0,0,0,0,0,0,0,0,0,0,0,0,0,0,0
Clostridioides difficile M68,0,0,0,0,0,0,0,0,1,0,0,0,0,0,0,0,0,0,0,0,0,0,0,0,0,0,0,0,0,0,0,0,0,0,0,0,0,0,10,0,0,0,0,0,0,0,0,0,0,0,2,0,0,0,0,0,0,0,0,0,0,0,0,0,0,0,0,0,0,0,0,0,0,0,0,0,0,0,0,0,0,0,0,0,0,0,0,0,0
Clostridium butyricum,0,10,1,27,101,0,0,4,3106,3335,20,0,0,17,3,606,174,0,0,11,0,13098,3,0,0,348,12,1430,4479,0,0,0,12,776,5356,5,0,32,29,3406,8554,66,0,20,4,73911,29793,1113,0,68,88,501,416,5,0,11,35,3403,620,21,0,1,0,0,0,0,0,0,0,0,0,0,0,0,0,0,1308,0,0,0,0,0,0,0,1,0,0,0,0
